"Effort","Median"
0,0.989419588875453
5,0.989117291414752
10,0.974607013301088
15,0.962515114873035
20,0.953446191051995
25,0.935912938331318
30,0.919891172914148
35,0.891777509068924
40,0.869709794437727
45,0.826178960096735
50,0.798669891172914
55,0.77509068923821
60,0.664449818621524
65,0.0332527206771463
70,0.00256952841596131
75,0.00181378476420798
80,0.00151148730350665
85,0.00090689238210399
90,0.00060459492140266
95,0.00060459492140266
100,0.00030229746070133
