"Effort","Median"
0,0.989419588875453
5,0.985943168077388
10,0.9659915356711
15,0.941051995163241
20,0.914600967351874
25,0.888754534461911
30,0.855652962515115
35,0.400997581620314
40,0.00665054413542926
45,0.00060459492140266
50,0.00030229746070133
55,0.00030229746070133
60,0.00030229746070133
65,0.00030229746070133
70,0.00030229746070133
75,0.00030229746070133
80,0.00030229746070133
85,0.00030229746070133
90,0.00030229746070133
95,0.00030229746070133
100,0.00030229746070133
