"Effort","Median"
0,0.989419588875453
5,0.9773276904474
10,0.907496977025393
15,0.839328899637243
20,0.7726723095526
25,0.705713422007255
30,0.639510278113664
35,0.576632406287787
40,0.514812575574365
45,0.456166868198307
50,0.399637243047158
55,0.34325876662636
60,0.290205562273277
65,0.240326481257557
70,0.192412333736397
75,0.146614268440145
80,0.00181378476420798
85,0.00060459492140266
90,0.00030229746070133
95,0.00030229746070133
100,0.00030229746070133
