"Effort","Median"
0,0.382924901185771
5,0.380641532380663
10,0.354654910307084
15,0.328598358163576
20,0.306354515050167
25,0.284211006384919
30,0.264715719063545
35,0.245059288537549
40,0.227880814837337
45,0.207649741562785
50,0.193599878382487
55,0.178698692611736
60,0.16470051687443
65,0.149267254484646
70,0.137950744907267
75,0.121489814533293
80,0.106457889936151
85,0.0881483733657647
90,0.073466099118273
95,0.0568744299179082
100,0.0242930982061417
