"Effort","Median"
0,0.382198236546063
5,0.376713286713287
10,0.421328671328671
15,0.41781392520523
20,0.431441167528124
25,0.44261477652782
30,0.45543934326543
35,0.458598358163576
40,0.468069321982365
45,0.479495287321374
50,0.490735785953177
55,0.491882031012466
60,0.490489510489511
65,0.49222560048647
70,0.453250228032837
75,0.396129522651262
80,0.250358771663119
85,0.152596533900882
90,0.0609729401033749
95,0.0085557920340529
100,0.00383703253268471
