"Effort","Median"
0,0.611239419588876
5,0.584295646916566
10,0.481460096735187
15,0.405417170495768
20,0.373225513905683
25,0.354477025392987
30,0.341493349455865
35,0.330613663845224
40,0.322342805320435
45,0.29689238210399
50,0.273582224909311
55,0.225024183796856
60,0.194407496977025
65,0.1578446191052
70,0.147025392986699
75,0.130362756952842
80,0.118074365175333
85,0.0893681983071342
90,0.0646735187424426
95,0.0560912938331318
100,0.0475725513905683
