"Effort","Median"
0,0.381751292186075
5,0.403934326543022
10,0.411842505320766
15,0.393754940711462
20,0.36901185770751
25,0.343107327455154
30,0.315910611128002
35,0.286238978412891
40,0.259939191243539
45,0.23343265430222
50,0.206138643964731
55,0.181155366372758
60,0.156339312861052
65,0.134569778048039
70,0.107190635451505
75,0.0861386439647309
80,0.0641319550015202
85,0.0454697476436607
90,0.0250866524779568
95,0.0101003344481605
100,0.00364852538765582
