"Effort","Median"
0,0.989419588875453
5,0.97037484885127
10,0.883313180169287
15,0.629987908101572
20,0.611547762998791
25,0.592200725513906
30,0.00211608222490931
35,0.00120918984280532
40,0.00105804111245466
45,0.00105804111245466
50,0.00105804111245466
55,0.00090689238210399
60,0.00090689238210399
65,0.00060459492140266
70,0.00030229746070133
75,0.00030229746070133
80,0.00030229746070133
85,0.00030229746070133
90,0.00030229746070133
95,0.00030229746070133
100,0.00030229746070133
